[
    {
        "pk": 1, 
        "model": "memberships.app", 
        "fields": {
            "creator": 1, 
            "use_captcha": true, 
            "allow_user_view": false, 
            "owner": 1, 
            "guid": "285aedda-702b-11e0-9599-001ec980c7cd", 
            "create_dt": "2011-04-26 12:32:28", 
            "update_dt": "2011-04-26 12:51:05", 
            "allow_anonymous_edit": false, 
            "confirmation_text": "", 
            "owner_username": "admin", 
            "allow_anonymous_view": true, 
            "status": true, 
            "description": "", 
            "membership_types": [
                3, 
                4, 
                5
            ], 
            "status_detail": "draft", 
            "creator_username": "admin", 
            "slug": "thinkla-membership-application", 
            "name": "ThinkLA Membership Application", 
            "allow_user_edit": false, 
            "notes": "", 
            "allow_member_view": false, 
            "payment_methods": [
                1, 
                2, 
                3, 
                4, 
                5, 
                6
            ], 
            "use_for_corp": false, 
            "allow_member_edit": false
        }
    }, 
    {
        "pk": 2, 
        "model": "memberships.app", 
        "fields": {
            "creator": 1, 
            "use_captcha": true, 
            "allow_user_view": false, 
            "owner": 1, 
            "guid": "285aedda-702b-11e0-9599-001ec980c7cd", 
            "create_dt": "2011-04-26 12:32:28", 
            "update_dt": "2011-04-26 14:06:04", 
            "allow_anonymous_edit": false, 
            "confirmation_text": "", 
            "owner_username": "admin", 
            "allow_anonymous_view": true, 
            "status": true, 
            "description": "", 
            "membership_types": [
                1, 
                2, 
                3, 
                4, 
                5
            ], 
            "status_detail": "draft", 
            "creator_username": "admin", 
            "slug": "thinkla-membership-application-2", 
            "name": "ThinkLA Membership Application 2", 
            "allow_user_edit": false, 
            "notes": "", 
            "allow_member_view": false, 
            "payment_methods": [
                1, 
                2, 
                3, 
                4, 
                5, 
                6
            ], 
            "use_for_corp": false, 
            "allow_member_edit": false
        }
    }, 
    {
        "pk": 1, 
        "model": "memberships.appfield", 
        "fields": {
            "default_value": "", 
            "field_type": "first-name", 
            "unique": true, 
            "attribute_name": "", 
            "description": "", 
            "show_on_site": false, 
            "css_class": "", 
            "app": 2, 
            "required": true, 
            "label": "First Name", 
            "visible": true, 
            "vital": true, 
            "content_type": 3, 
            "position": 1, 
            "help_text": "", 
            "admin_only": false, 
            "choices": ""
        }
    }, 
    {
        "pk": 2, 
        "model": "memberships.appfield", 
        "fields": {
            "default_value": "", 
            "field_type": "last-name", 
            "unique": true, 
            "attribute_name": "", 
            "description": "", 
            "show_on_site": false, 
            "css_class": "", 
            "app": 2, 
            "required": true, 
            "label": "Last Name", 
            "visible": true, 
            "vital": true, 
            "content_type": 3, 
            "position": 2, 
            "help_text": "", 
            "admin_only": false, 
            "choices": ""
        }
    }, 
    {
        "pk": 3, 
        "model": "memberships.appfield", 
        "fields": {
            "default_value": "", 
            "field_type": "membership-type", 
            "unique": true, 
            "attribute_name": "", 
            "description": "", 
            "show_on_site": false, 
            "css_class": "", 
            "app": 1, 
            "required": true, 
            "label": "Membership Type", 
            "visible": true, 
            "vital": true, 
            "content_type": 91, 
            "position": 3, 
            "help_text": "", 
            "admin_only": false, 
            "choices": "Python, PHP"
        }
    }, 
    {
        "pk": 4, 
        "model": "memberships.appfield", 
        "fields": {
            "default_value": "", 
            "field_type": "email", 
            "unique": true, 
            "attribute_name": "", 
            "description": "", 
            "show_on_site": false, 
            "css_class": "", 
            "app": 2, 
            "required": true, 
            "label": "Email", 
            "visible": true, 
            "vital": true, 
            "content_type": 3, 
            "position": 3, 
            "help_text": "", 
            "admin_only": false, 
            "choices": ""
        }
    }, 
    {
        "pk": 5, 
        "model": "memberships.appfield", 
        "fields": {
            "default_value": "", 
            "field_type": "payment-method", 
            "unique": true, 
            "attribute_name": "", 
            "description": "", 
            "show_on_site": false, 
            "css_class": "", 
            "app": 2, 
            "required": true, 
            "label": "Payment Method", 
            "visible": true, 
            "vital": true, 
            "content_type": 113, 
            "position": 4, 
            "help_text": "", 
            "admin_only": false, 
            "choices": "Credit Card, Check, Cash, Wire Transfer, Invoice, Credit Card"
        }
    }, 
    {
        "pk": 6, 
        "model": "memberships.appfield", 
        "fields": {
            "default_value": "", 
            "field_type": "text", 
            "unique": false, 
            "attribute_name": "", 
            "description": "", 
            "show_on_site": false, 
            "css_class": "", 
            "app": 2, 
            "required": true, 
            "label": "Company", 
            "visible": true, 
            "vital": false, 
            "content_type": null, 
            "position": 5, 
            "help_text": "", 
            "admin_only": false, 
            "choices": ""
        }
    }, 
    {
        "pk": 7, 
        "model": "memberships.appfield", 
        "fields": {
            "default_value": "", 
            "field_type": "choose-from-list", 
            "unique": false, 
            "attribute_name": "", 
            "description": "", 
            "show_on_site": false, 
            "css_class": "", 
            "app": 2, 
            "required": true, 
            "label": "Company Type", 
            "visible": true, 
            "vital": false, 
            "content_type": null, 
            "position": 6, 
            "help_text": "", 
            "admin_only": false, 
            "choices": "Agency, Broadcast, Client, Interactive, Media Agency, Media Publication, Production, Radio, Self Employed/Consultant"
        }
    }, 
    {
        "pk": 8, 
        "model": "memberships.appfield", 
        "fields": {
            "default_value": "", 
            "field_type": "text", 
            "unique": false, 
            "attribute_name": "", 
            "description": "", 
            "show_on_site": false, 
            "css_class": "", 
            "app": 2, 
            "required": false, 
            "label": "Position Title", 
            "visible": true, 
            "vital": false, 
            "content_type": null, 
            "position": 7, 
            "help_text": "", 
            "admin_only": false, 
            "choices": ""
        }
    }, 
    {
        "pk": 9, 
        "model": "memberships.appfield", 
        "fields": {
            "default_value": "", 
            "field_type": "choose-from-list", 
            "unique": true, 
            "attribute_name": "", 
            "description": "", 
            "show_on_site": false, 
            "css_class": "", 
            "app": 2, 
            "required": false, 
            "label": "Job Function", 
            "visible": true, 
            "vital": false, 
            "content_type": null, 
            "position": 8, 
            "help_text": "", 
            "admin_only": false, 
            "choices": "Account Management, Admin, Creative, Direct, Finance, Human Resources, Interactive, IT, Management, Media, New Business, Production/Broadcast, Production/Print, Promotions, Public Relations, Sales"
        }
    }, 
    {
        "pk": 10, 
        "model": "memberships.appfield", 
        "fields": {
            "default_value": "", 
            "field_type": "text", 
            "unique": false, 
            "attribute_name": "", 
            "description": "", 
            "show_on_site": false, 
            "css_class": "", 
            "app": 2, 
            "required": true, 
            "label": "Mailing Address", 
            "visible": true, 
            "vital": false, 
            "content_type": null, 
            "position": 9, 
            "help_text": "", 
            "admin_only": false, 
            "choices": ""
        }
    }, 
    {
        "pk": 11, 
        "model": "memberships.appfield", 
        "fields": {
            "default_value": "", 
            "field_type": "text", 
            "unique": true, 
            "attribute_name": "", 
            "description": "", 
            "show_on_site": false, 
            "css_class": "", 
            "app": 2, 
            "required": false, 
            "label": "Address 2", 
            "visible": true, 
            "vital": false, 
            "content_type": null, 
            "position": 10, 
            "help_text": "", 
            "admin_only": false, 
            "choices": ""
        }
    }, 
    {
        "pk": 12, 
        "model": "memberships.appfield", 
        "fields": {
            "default_value": "", 
            "field_type": "text", 
            "unique": false, 
            "attribute_name": "", 
            "description": "", 
            "show_on_site": false, 
            "css_class": "", 
            "app": 2, 
            "required": true, 
            "label": "City", 
            "visible": true, 
            "vital": false, 
            "content_type": null, 
            "position": 11, 
            "help_text": "", 
            "admin_only": false, 
            "choices": ""
        }
    }, 
    {
        "pk": 13, 
        "model": "memberships.appfield", 
        "fields": {
            "default_value": "", 
            "field_type": "text", 
            "unique": false, 
            "attribute_name": "", 
            "description": "", 
            "show_on_site": false, 
            "css_class": "", 
            "app": 2, 
            "required": true, 
            "label": "State", 
            "visible": true, 
            "vital": false, 
            "content_type": null, 
            "position": 12, 
            "help_text": "", 
            "admin_only": false, 
            "choices": ""
        }
    }, 
    {
        "pk": 14, 
        "model": "memberships.appfield", 
        "fields": {
            "default_value": "", 
            "field_type": "text", 
            "unique": false, 
            "attribute_name": "", 
            "description": "", 
            "show_on_site": false, 
            "css_class": "", 
            "app": 2, 
            "required": true, 
            "label": "Zip Code", 
            "visible": true, 
            "vital": false, 
            "content_type": null, 
            "position": 13, 
            "help_text": "", 
            "admin_only": false, 
            "choices": ""
        }
    }, 
    {
        "pk": 15, 
        "model": "memberships.appfield", 
        "fields": {
            "default_value": "", 
            "field_type": "text", 
            "unique": false, 
            "attribute_name": "", 
            "description": "", 
            "show_on_site": false, 
            "css_class": "", 
            "app": 2, 
            "required": false, 
            "label": "Country", 
            "visible": true, 
            "vital": false, 
            "content_type": null, 
            "position": 14, 
            "help_text": "", 
            "admin_only": false, 
            "choices": ""
        }
    }, 
    {
        "pk": 16, 
        "model": "memberships.appfield", 
        "fields": {
            "default_value": "", 
            "field_type": "choose-from-list", 
            "unique": true, 
            "attribute_name": "", 
            "description": "", 
            "show_on_site": false, 
            "css_class": "", 
            "app": 2, 
            "required": false, 
            "label": "Address Type", 
            "visible": true, 
            "vital": false, 
            "content_type": null, 
            "position": 15, 
            "help_text": "", 
            "admin_only": false, 
            "choices": "Home, Work"
        }
    }, 
    {
        "pk": 17, 
        "model": "memberships.appfield", 
        "fields": {
            "default_value": "", 
            "field_type": "text", 
            "unique": false, 
            "attribute_name": "", 
            "description": "", 
            "show_on_site": false, 
            "css_class": "", 
            "app": 2, 
            "required": true, 
            "label": "Work Phone", 
            "visible": true, 
            "vital": false, 
            "content_type": null, 
            "position": 16, 
            "help_text": "", 
            "admin_only": false, 
            "choices": ""
        }
    }, 
    {
        "pk": 18, 
        "model": "memberships.appfield", 
        "fields": {
            "default_value": "", 
            "field_type": "text", 
            "unique": false, 
            "attribute_name": "", 
            "description": "", 
            "show_on_site": false, 
            "css_class": "", 
            "app": 2, 
            "required": false, 
            "label": "Home Phone", 
            "visible": true, 
            "vital": false, 
            "content_type": null, 
            "position": 17, 
            "help_text": "", 
            "admin_only": false, 
            "choices": ""
        }
    }, 
    {
        "pk": 19, 
        "model": "memberships.appfield", 
        "fields": {
            "default_value": "", 
            "field_type": "text", 
            "unique": false, 
            "attribute_name": "", 
            "description": "", 
            "show_on_site": false, 
            "css_class": "", 
            "app": 2, 
            "required": false, 
            "label": "Mobile Phone", 
            "visible": true, 
            "vital": false, 
            "content_type": null, 
            "position": 18, 
            "help_text": "", 
            "admin_only": false, 
            "choices": ""
        }
    }, 
    {
        "pk": 20, 
        "model": "memberships.appfield", 
        "fields": {
            "default_value": "", 
            "field_type": "text", 
            "unique": false, 
            "attribute_name": "", 
            "description": "", 
            "show_on_site": false, 
            "css_class": "", 
            "app": 2, 
            "required": false, 
            "label": "E-mail", 
            "visible": true, 
            "vital": false, 
            "content_type": null, 
            "position": 19, 
            "help_text": "", 
            "admin_only": false, 
            "choices": ""
        }
    }, 
    {
        "pk": 21, 
        "model": "memberships.appfield", 
        "fields": {
            "default_value": "", 
            "field_type": "text", 
            "unique": false, 
            "attribute_name": "", 
            "description": "", 
            "show_on_site": false, 
            "css_class": "", 
            "app": 1, 
            "required": false, 
            "label": "E-mail 2", 
            "visible": true, 
            "vital": false, 
            "content_type": null, 
            "position": 20, 
            "help_text": "", 
            "admin_only": false, 
            "choices": ""
        }
    }, 
    {
        "pk": 34, 
        "model": "memberships.appfield", 
        "fields": {
            "default_value": "", 
            "field_type": "text", 
            "unique": false, 
            "attribute_name": "", 
            "description": "", 
            "show_on_site": false, 
            "css_class": "", 
            "app": 2, 
            "required": false, 
            "label": "E-mail 2", 
            "visible": true, 
            "vital": false, 
            "content_type": null, 
            "position": 20, 
            "help_text": "", 
            "admin_only": false, 
            "choices": ""
        }
    }, 
    {
        "pk": 22, 
        "model": "memberships.appfield", 
        "fields": {
            "default_value": "", 
            "field_type": "text", 
            "unique": false, 
            "attribute_name": "", 
            "description": "", 
            "show_on_site": false, 
            "css_class": "", 
            "app": 1, 
            "required": false, 
            "label": "Website", 
            "visible": true, 
            "vital": false, 
            "content_type": null, 
            "position": 21, 
            "help_text": "", 
            "admin_only": false, 
            "choices": ""
        }
    }, 
    {
        "pk": 35, 
        "model": "memberships.appfield", 
        "fields": {
            "default_value": "", 
            "field_type": "text", 
            "unique": false, 
            "attribute_name": "", 
            "description": "", 
            "show_on_site": false, 
            "css_class": "", 
            "app": 2, 
            "required": false, 
            "label": "Website", 
            "visible": true, 
            "vital": false, 
            "content_type": null, 
            "position": 21, 
            "help_text": "", 
            "admin_only": false, 
            "choices": ""
        }
    }, 
    {
        "pk": 23, 
        "model": "memberships.appfield", 
        "fields": {
            "default_value": "", 
            "field_type": "date", 
            "unique": true, 
            "attribute_name": "", 
            "description": "", 
            "show_on_site": false, 
            "css_class": "", 
            "app": 1, 
            "required": false, 
            "label": "DOB", 
            "visible": true, 
            "vital": false, 
            "content_type": null, 
            "position": 22, 
            "help_text": "", 
            "admin_only": false, 
            "choices": ""
        }
    }, 
    {
        "pk": 36, 
        "model": "memberships.appfield", 
        "fields": {
            "default_value": "", 
            "field_type": "date", 
            "unique": true, 
            "attribute_name": "", 
            "description": "", 
            "show_on_site": false, 
            "css_class": "", 
            "app": 2, 
            "required": false, 
            "label": "DOB", 
            "visible": true, 
            "vital": false, 
            "content_type": null, 
            "position": 22, 
            "help_text": "", 
            "admin_only": false, 
            "choices": ""
        }
    }, 
    {
        "pk": 24, 
        "model": "memberships.appfield", 
        "fields": {
            "default_value": "", 
            "field_type": "text", 
            "unique": true, 
            "attribute_name": "", 
            "description": "", 
            "show_on_site": false, 
            "css_class": "", 
            "app": 1, 
            "required": true, 
            "label": "User Name", 
            "visible": true, 
            "vital": false, 
            "content_type": null, 
            "position": 23, 
            "help_text": "", 
            "admin_only": false, 
            "choices": ""
        }
    }, 
    {
        "pk": 33, 
        "model": "memberships.appfield", 
        "fields": {
            "default_value": "", 
            "field_type": "membership-type", 
            "unique": true, 
            "attribute_name": "", 
            "description": "", 
            "show_on_site": false, 
            "css_class": "", 
            "app": 2, 
            "required": true, 
            "label": "Membership Type", 
            "visible": true, 
            "vital": true, 
            "content_type": 91, 
            "position": 23, 
            "help_text": "", 
            "admin_only": false, 
            "choices": "Corporate Member, Individual Member, Discounted Individual Member, AdZoo, Complimentary"
        }
    }, 
    {
        "pk": 25, 
        "model": "memberships.appfield", 
        "fields": {
            "default_value": "", 
            "field_type": "text", 
            "unique": false, 
            "attribute_name": "", 
            "description": "", 
            "show_on_site": false, 
            "css_class": "", 
            "app": 1, 
            "required": true, 
            "label": "Password", 
            "visible": true, 
            "vital": false, 
            "content_type": null, 
            "position": 24, 
            "help_text": "", 
            "admin_only": false, 
            "choices": ""
        }
    }, 
    {
        "pk": 26, 
        "model": "memberships.appfield", 
        "fields": {
            "default_value": "", 
            "field_type": "choose-from-list", 
            "unique": true, 
            "attribute_name": "", 
            "description": "", 
            "show_on_site": false, 
            "css_class": "", 
            "app": 1, 
            "required": true, 
            "label": "Hide in Search", 
            "visible": true, 
            "vital": false, 
            "content_type": null, 
            "position": 25, 
            "help_text": "", 
            "admin_only": false, 
            "choices": "Yes, No"
        }
    }, 
    {
        "pk": 27, 
        "model": "memberships.appfield", 
        "fields": {
            "default_value": "", 
            "field_type": "choose-from-list", 
            "unique": true, 
            "attribute_name": "", 
            "description": "", 
            "show_on_site": false, 
            "css_class": "", 
            "app": 1, 
            "required": true, 
            "label": "Hide Address", 
            "visible": true, 
            "vital": false, 
            "content_type": null, 
            "position": 26, 
            "help_text": "", 
            "admin_only": false, 
            "choices": "Yes, No"
        }
    }, 
    {
        "pk": 28, 
        "model": "memberships.appfield", 
        "fields": {
            "default_value": "", 
            "field_type": "choose-from-list", 
            "unique": true, 
            "attribute_name": "", 
            "description": "", 
            "show_on_site": false, 
            "css_class": "", 
            "app": 1, 
            "required": true, 
            "label": "Hide Email", 
            "visible": true, 
            "vital": false, 
            "content_type": null, 
            "position": 27, 
            "help_text": "", 
            "admin_only": false, 
            "choices": "Yes, No"
        }
    }, 
    {
        "pk": 29, 
        "model": "memberships.appfield", 
        "fields": {
            "default_value": "", 
            "field_type": "choose-from-list", 
            "unique": true, 
            "attribute_name": "", 
            "description": "", 
            "show_on_site": false, 
            "css_class": "", 
            "app": 1, 
            "required": true, 
            "label": "Hide Phone", 
            "visible": true, 
            "vital": false, 
            "content_type": null, 
            "position": 28, 
            "help_text": "", 
            "admin_only": false, 
            "choices": "Yes, No"
        }
    }, 
    {
        "pk": 30, 
        "model": "memberships.appfield", 
        "fields": {
            "default_value": "", 
            "field_type": "paragraph-text", 
            "unique": false, 
            "attribute_name": "", 
            "description": "", 
            "show_on_site": false, 
            "css_class": "", 
            "app": 1, 
            "required": false, 
            "label": "Additional Address", 
            "visible": true, 
            "vital": false, 
            "content_type": null, 
            "position": 29, 
            "help_text": "", 
            "admin_only": false, 
            "choices": ""
        }
    }, 
    {
        "pk": 31, 
        "model": "memberships.appfield", 
        "fields": {
            "default_value": "", 
            "field_type": "text", 
            "unique": false, 
            "attribute_name": "", 
            "description": "", 
            "show_on_site": false, 
            "css_class": "", 
            "app": 1, 
            "required": false, 
            "label": "Referral Source", 
            "visible": true, 
            "vital": false, 
            "content_type": null, 
            "position": 30, 
            "help_text": "", 
            "admin_only": false, 
            "choices": ""
        }
    }, 
    {
        "pk": 32, 
        "model": "memberships.appfield", 
        "fields": {
            "default_value": "", 
            "field_type": "corporate_membership_id", 
            "unique": true, 
            "attribute_name": "", 
            "description": "", 
            "show_on_site": false, 
            "css_class": "", 
            "app": 1, 
            "required": false, 
            "label": "Corporate Membership", 
            "visible": true, 
            "vital": false, 
            "content_type": null, 
            "position": 31, 
            "help_text": "", 
            "admin_only": false, 
            "choices": ""
        }
    }, 
    {
        "pk": 37, 
        "model": "memberships.appfield", 
        "fields": {
            "default_value": "", 
            "field_type": "text", 
            "unique": true, 
            "attribute_name": "", 
            "description": "", 
            "show_on_site": false, 
            "css_class": "", 
            "app": 2, 
            "required": true, 
            "label": "User Name", 
            "visible": true, 
            "vital": false, 
            "content_type": null, 
            "position": 32, 
            "help_text": "", 
            "admin_only": false, 
            "choices": ""
        }
    }, 
    {
        "pk": 38, 
        "model": "memberships.appfield", 
        "fields": {
            "default_value": "", 
            "field_type": "text", 
            "unique": false, 
            "attribute_name": "", 
            "description": "", 
            "show_on_site": false, 
            "css_class": "", 
            "app": 2, 
            "required": true, 
            "label": "Password", 
            "visible": true, 
            "vital": false, 
            "content_type": null, 
            "position": 33, 
            "help_text": "", 
            "admin_only": false, 
            "choices": ""
        }
    }, 
    {
        "pk": 39, 
        "model": "memberships.appfield", 
        "fields": {
            "default_value": "", 
            "field_type": "choose-from-list", 
            "unique": true, 
            "attribute_name": "", 
            "description": "", 
            "show_on_site": false, 
            "css_class": "", 
            "app": 2, 
            "required": true, 
            "label": "Hide Address", 
            "visible": true, 
            "vital": false, 
            "content_type": null, 
            "position": 34, 
            "help_text": "", 
            "admin_only": false, 
            "choices": "Yes, No"
        }
    }, 
    {
        "pk": 1, 
        "model": "memberships.membershiptype", 
        "fields": {
            "rolling_renew_option": "0", 
            "creator": 1, 
            "rolling_option": "0", 
            "allow_user_view": false, 
            "allow_renewal": true, 
            "period": 1, 
            "owner": 1, 
            "require_approval": true, 
            "guid": "fc23d2b8-702f-11e0-9599-001ec980c7cd", 
            "rolling_renew_option2_day": 1, 
            "admin_fee": null, 
            "create_dt": "2011-04-26 13:07:01", 
            "group": 53, 
            "update_dt": "2011-04-26 13:07:01", 
            "allow_anonymous_edit": false, 
            "fixed_option2_can_rollover": false, 
            "fixed_option2_day": 1, 
            "fixed_option1_month": 1, 
            "period_type": "rolling", 
            "fixed_option1_day": 1, 
            "expiration_grace_period": 0, 
            "owner_username": "admin", 
            "allow_anonymous_view": false, 
            "status": true, 
            "fixed_option": "0", 
            "admin_only": false, 
            "description": "", 
            "renewal_period_end": 30, 
            "price": "250.00", 
            "renewal_price": null, 
            "status_detail": "active", 
            "rolling_renew_option1_day": 1, 
            "rolling_option1_day": 1, 
            "creator_username": "admin", 
            "renewal_period_start": 30, 
            "period_unit": "years", 
            "fixed_option2_month": 1, 
            "name": "Corporate Member", 
            "never_expires": false, 
            "allow_user_edit": false, 
            "renewal": false, 
            "allow_member_view": false, 
            "fixed_option2_rollover_days": 1, 
            "allow_member_edit": false, 
            "order": 0, 
            "fixed_option1_year": 2010
        }
    }, 
    {
        "pk": 2, 
        "model": "memberships.membershiptype", 
        "fields": {
            "rolling_renew_option": "0", 
            "creator": 1, 
            "rolling_option": "0", 
            "allow_user_view": false, 
            "allow_renewal": true, 
            "period": 1, 
            "owner": 1, 
            "require_approval": true, 
            "guid": "059fcaae-7030-11e0-9599-001ec980c7cd", 
            "rolling_renew_option2_day": 1, 
            "admin_fee": null, 
            "create_dt": "2011-04-26 13:07:17", 
            "group": 54, 
            "update_dt": "2011-04-26 13:07:17", 
            "allow_anonymous_edit": false, 
            "fixed_option2_can_rollover": false, 
            "fixed_option2_day": 1, 
            "fixed_option1_month": 1, 
            "period_type": "rolling", 
            "fixed_option1_day": 1, 
            "expiration_grace_period": 0, 
            "owner_username": "admin", 
            "allow_anonymous_view": false, 
            "status": true, 
            "fixed_option": "0", 
            "admin_only": false, 
            "description": "", 
            "renewal_period_end": 30, 
            "price": "250.00", 
            "renewal_price": null, 
            "status_detail": "active", 
            "rolling_renew_option1_day": 1, 
            "rolling_option1_day": 1, 
            "creator_username": "admin", 
            "renewal_period_start": 30, 
            "period_unit": "years", 
            "fixed_option2_month": 1, 
            "name": "Individual Member", 
            "never_expires": false, 
            "allow_user_edit": false, 
            "renewal": false, 
            "allow_member_view": false, 
            "fixed_option2_rollover_days": 1, 
            "allow_member_edit": false, 
            "order": 0, 
            "fixed_option1_year": 2010
        }
    }, 
    {
        "pk": 3, 
        "model": "memberships.membershiptype", 
        "fields": {
            "rolling_renew_option": "0", 
            "creator": 1, 
            "rolling_option": "0", 
            "allow_user_view": false, 
            "allow_renewal": true, 
            "period": 1, 
            "owner": 1, 
            "require_approval": true, 
            "guid": "0f645884-7030-11e0-9599-001ec980c7cd", 
            "rolling_renew_option2_day": 1, 
            "admin_fee": null, 
            "create_dt": "2011-04-26 13:07:34", 
            "group": 55, 
            "update_dt": "2011-04-26 13:07:34", 
            "allow_anonymous_edit": false, 
            "fixed_option2_can_rollover": false, 
            "fixed_option2_day": 1, 
            "fixed_option1_month": 1, 
            "period_type": "rolling", 
            "fixed_option1_day": 1, 
            "expiration_grace_period": 0, 
            "owner_username": "admin", 
            "allow_anonymous_view": false, 
            "status": true, 
            "fixed_option": "0", 
            "admin_only": false, 
            "description": "", 
            "renewal_period_end": 30, 
            "price": "100.00", 
            "renewal_price": null, 
            "status_detail": "active", 
            "rolling_renew_option1_day": 1, 
            "rolling_option1_day": 1, 
            "creator_username": "admin", 
            "renewal_period_start": 30, 
            "period_unit": "years", 
            "fixed_option2_month": 1, 
            "name": "Discounted Individual Member", 
            "never_expires": false, 
            "allow_user_edit": false, 
            "renewal": false, 
            "allow_member_view": false, 
            "fixed_option2_rollover_days": 1, 
            "allow_member_edit": false, 
            "order": 0, 
            "fixed_option1_year": 2010
        }
    }, 
    {
        "pk": 4, 
        "model": "memberships.membershiptype", 
        "fields": {
            "rolling_renew_option": "0", 
            "creator": 1, 
            "rolling_option": "0", 
            "allow_user_view": false, 
            "allow_renewal": true, 
            "period": 1, 
            "owner": 1, 
            "require_approval": true, 
            "guid": "15302d10-7030-11e0-9599-001ec980c7cd", 
            "rolling_renew_option2_day": 1, 
            "admin_fee": null, 
            "create_dt": "2011-04-26 13:07:43", 
            "group": 56, 
            "update_dt": "2011-04-26 13:07:43", 
            "allow_anonymous_edit": false, 
            "fixed_option2_can_rollover": false, 
            "fixed_option2_day": 1, 
            "fixed_option1_month": 1, 
            "period_type": "rolling", 
            "fixed_option1_day": 1, 
            "expiration_grace_period": 0, 
            "owner_username": "admin", 
            "allow_anonymous_view": false, 
            "status": true, 
            "fixed_option": "0", 
            "admin_only": false, 
            "description": "", 
            "renewal_period_end": 30, 
            "price": "100.00", 
            "renewal_price": null, 
            "status_detail": "active", 
            "rolling_renew_option1_day": 1, 
            "rolling_option1_day": 1, 
            "creator_username": "admin", 
            "renewal_period_start": 30, 
            "period_unit": "years", 
            "fixed_option2_month": 1, 
            "name": "AdZoo", 
            "never_expires": false, 
            "allow_user_edit": false, 
            "renewal": false, 
            "allow_member_view": false, 
            "fixed_option2_rollover_days": 1, 
            "allow_member_edit": false, 
            "order": 0, 
            "fixed_option1_year": 2010
        }
    }, 
    {
        "pk": 5, 
        "model": "memberships.membershiptype", 
        "fields": {
            "rolling_renew_option": "0", 
            "creator": 1, 
            "rolling_option": "0", 
            "allow_user_view": false, 
            "allow_renewal": true, 
            "period": 1, 
            "owner": 1, 
            "require_approval": true, 
            "guid": "1cde2f30-7030-11e0-9599-001ec980c7cd", 
            "rolling_renew_option2_day": 1, 
            "admin_fee": null, 
            "create_dt": "2011-04-26 13:07:56", 
            "group": 57, 
            "update_dt": "2011-04-26 13:07:56", 
            "allow_anonymous_edit": false, 
            "fixed_option2_can_rollover": false, 
            "fixed_option2_day": 1, 
            "fixed_option1_month": 1, 
            "period_type": "rolling", 
            "fixed_option1_day": 1, 
            "expiration_grace_period": 0, 
            "owner_username": "admin", 
            "allow_anonymous_view": false, 
            "status": true, 
            "fixed_option": "0", 
            "admin_only": false, 
            "description": "", 
            "renewal_period_end": 30, 
            "price": "0.00", 
            "renewal_price": null, 
            "status_detail": "active", 
            "rolling_renew_option1_day": 1, 
            "rolling_option1_day": 1, 
            "creator_username": "admin", 
            "renewal_period_start": 30, 
            "period_unit": "years", 
            "fixed_option2_month": 1, 
            "name": "Complimentary", 
            "never_expires": false, 
            "allow_user_edit": false, 
            "renewal": false, 
            "allow_member_view": false, 
            "fixed_option2_rollover_days": 1, 
            "allow_member_edit": false, 
            "order": 0, 
            "fixed_option1_year": 2010
        }
    }
]